School,Conference,Coach,SchoolPay,Bonus,BonusPaid,Buyout,GSR,FGR,Capacity,Enrollment,Revenues,W,L,Pct,Conf_W,Conf_L,Conf_Pct,AP_High,AP_Rank,BonusPctPaid,Ranked,Ranking,WinningSeason,SubstantialBonus,PowerFive,ACC,American,Big 12,Big Ten,Conference USA,FBS Independents,Mid-American,Mountain West,Pac-12,SEC,Sun Belt
Air Force,Mountain West,Troy Calhoun,885000,247000,50000,1476060,0.89,0.89,52237,4237,16823588,5,7,0.42,4,4,0.5,0,0,0.2024291497975708,0,0,0,0.0,0,0,0,0,0,0,0,0,1,0,0,0
Akron,Mid-American,Terry Bowden,411000,225000,50000,688500,0.79,0.76,30000,19200,12354872,7,7,0.5,6,2,0.75,0,0,0.2222222222222222,0,0,0,0.0,0,0,0,0,0,0,0,1,0,0,0,0
Alabama,SEC,Nick Saban,8307000,1100000,500000,33600000,0.86,0.65,101821,38500,140831439,13,1,0.93,7,1,0.88,1,1,0.4545454545454545,1,1,1,1.0,1,0,0,0,0,0,0,0,0,0,1,0
Alabama at Birmingham,Conference USA,Bill Clark,900000,950000,165471,3847500,0.69,0.42,71594,21900,28840003,8,5,0.62,6,2,0.75,0,0,0.17418,0,0,1,0.0,0,0,0,0,0,1,0,0,0,0,0,0
Appalachian State,Sun Belt,Scott Satterfield,712500,295000,145000,2160417,0.78,0.6,24150,19100,10198918,9,4,0.69,7,1,0.88,0,0,0.4915254237288136,0,0,1,1.0,0,0,0,0,0,0,0,0,0,0,0,1
Arizona,Pac-12,Kevin Sumlin,1600000,2025000,279167,10000000,0.73,0.55,56037,45200,51865116,7,6,0.54,5,4,0.56,23,0,0.1378602469135802,1,0,1,0.0,1,0,0,0,0,0,0,0,0,1,0,0
Arizona State,Pac-12,Herm Edwards,2000000,3010000,279167,8166667,0.86,0.66,56232,51800,70375000,7,6,0.54,6,3,0.67,0,0,0.0927465116279069,0,0,1,0.0,1,0,0,0,0,0,0,0,0,1,0,0
Arkansas,SEC,Chad Morris,3500000,1000000,375000,12500000,0.84,0.57,72000,27800,99599352,4,8,0.33,1,7,0.13,0,0,0.375,0,0,0,1.0,1,0,0,0,0,0,0,0,0,0,1,0
Arkansas State,Sun Belt,Blake Anderson,825000,185000,25000,300000,0.72,0.45,30964,22000,8593341,7,5,0.58,6,2,0.75,0,0,0.1351351351351351,0,0,1,0.0,0,0,0,0,0,0,0,0,0,0,0,1
Army,FBS Independents,Jeff Monken,932521,262500,20000,916395,0.71,0.71,38000,4300,32704695,10,3,0.77,10,3,0.77,0,0,0.0761904761904762,0,0,1,0.0,1,0,0,0,0,0,1,0,0,0,0,0
Auburn,SEC,Gus Malzahn,6700000,1400000,375000,32143750,0.8,0.61,87451,30400,128960499,10,4,0.71,7,1,0.88,4,10,0.2678571428571428,1,1,1,1.0,1,0,0,0,0,0,0,0,0,0,1,0
Ball State,Mid-American,Mike Neu,435689,380000,30000,980300,0.82,0.65,22500,22500,9959351,2,10,0.17,0,8,0.0,0,0,0.0789473684210526,0,0,0,0.0,0,0,0,0,0,0,0,1,0,0,0,0
Baylor,Big 12,Matt Rhule,3703975,825000,68750,11283333,0.91,0.69,45140,17200,50465954,1,11,0.08,1,8,0.11,0,0,0.0833333333333333,0,0,0,0.0,1,0,0,1,0,0,0,0,0,0,0,0
Boise State,Mountain West,Bryan Harsin,1650010,475000,145000,7784038,0.88,0.53,37000,25500,27172138,11,3,0.79,1,1,0.5,22,22,0.3052631578947368,1,1,1,1.0,0,0,0,0,0,0,0,0,1,0,0,0
Boston College,ACC,Steve Addazio,2514859,1340000,225000,14528125,0.92,0.76,44500,14700,37155617,7,6,0.54,4,4,0.5,0,0,0.167910447761194,0,0,1,0.0,1,1,0,0,0,0,0,0,0,0,0,0
Bowling Green,Mid-American,Mike Jinks,437228,245000,81250,874456,0.72,0.65,23724,23000,8370915,2,10,0.17,2,6,0.25,0,0,0.3316326530612244,0,0,0,1.0,0,0,0,0,0,0,0,1,0,0,0,0
Brigham Young,FBS Independents,Kalani Sitake,716260,262500,20000,916395,0.8,0.59,63725,12300,32704695,4,9,0.31,4,9,0.31,0,0,0.0761904761904762,0,0,0,0.0,1,0,0,0,0,0,1,0,0,0,0,0
Buffalo,Mid-American,Lance Leipold,455500,381000,0,1020833,0.86,0.69,29013,31500,12283034,6,6,0.5,4,4,0.5,0,0,0.0,0,0,0,0.0,0,0,0,0,0,0,0,1,0,0,0,0
California,Pac-12,Justin Wilcox,1500000,900000,75000,7208500,0.84,0.76,62717,42500,61566987,5,7,0.42,2,7,0.22,0,0,0.0833333333333333,0,0,0,0.0,1,0,0,0,0,0,0,0,0,1,0,0
Central Florida,American,Josh Heupel,1700000,250000,45000,3587500,0.82,0.68,45323,31036,29550300,13,0,1.0,8,0,1.0,6,6,0.18,1,1,1,0.0,0,0,1,0,0,0,0,0,0,0,0,0
Central Michigan,Mid-American,John Bonamego,655000,415000,45000,1125000,0.81,0.73,30255,21700,12314270,8,5,0.62,6,2,0.75,0,0,0.108433734939759,0,0,1,0.0,0,0,0,0,0,0,0,1,0,0,0,0
Charlotte,Conference USA,Brad Lambert,625000,120000,0,556389,0.7,0.68,15314,29700,13572649,1,11,0.08,1,7,0.13,0,0,0.0,0,0,0,0.0,0,0,0,0,0,1,0,0,0,0,0,0
Cincinnati,American,Luke Fickell,2000000,625000,0,7100000,0.86,0.67,40000,46000,21140792,4,8,0.33,2,6,0.25,0,0,0.0,0,0,0,0.0,0,0,1,0,0,0,0,0,0,0,0,0
Clemson,ACC,Dabo Swinney,6205000,1125000,500000,35000000,0.88,0.66,81500,25000,72218581,12,2,0.86,7,1,0.88,1,4,0.4444444444444444,1,1,1,1.0,1,1,0,0,0,0,0,0,0,0,0,0
Coastal Carolina,Sun Belt,Joe Moglia,400000,800000,25000,516667,0.81,0.63,15000,10600,10198918,3,9,0.25,2,6,0.25,0,0,0.03125,0,0,0,0.0,0,0,0,0,0,0,0,0,0,0,0,1
Colorado,Pac-12,Mike MacIntyre,2878500,2150000,297000,10314583,0.77,0.56,53750,33200,72425832,5,7,0.42,2,7,0.22,0,0,0.1381395348837209,0,0,0,0.0,1,0,0,0,0,0,0,0,0,1,0,0
Colorado State,Mountain West,Mike Bobo,1800000,905000,50000,8000000,0.8,0.76,41200,33800,20588154,7,6,0.54,5,3,0.63,0,0,0.0552486187845303,0,0,1,0.0,0,0,0,0,0,0,0,0,1,0,0,0
Connecticut,American,Randy Edsall,1100000,650000,129000,1000000,0.89,0.78,40000,31036,32695983,3,9,0.25,2,6,0.25,0,0,0.1984615384615384,0,0,0,0.0,0,0,1,0,0,0,0,0,0,0,0,0
Duke,ACC,David Cutcliffe,2540928,1340000,225000,14528125,0.96,0.9,40004,15900,35987926,7,6,0.54,3,5,0.38,0,0,0.167910447761194,0,0,1,0.0,1,1,0,0,0,0,0,0,0,0,0,0
East Carolina,American,Scottie Montgomery,1102500,850000,0,1233333,0.72,0.67,50000,29100,18270690,3,9,0.25,2,6,0.25,0,0,0.0,0,0,0,0.0,0,0,1,0,0,0,0,0,0,0,0,0
Eastern Michigan,Mid-American,Chris Creighton,460000,395000,10000,950000,0.73,0.59,30200,20300,12794163,5,7,0.42,3,5,0.38,0,0,0.0253164556962025,0,0,0,0.0,0,0,0,0,0,0,0,1,0,0,0,0
Florida,SEC,Dan Mullen,6070000,925000,375000,12000000,0.93,0.37,88548,56100,117963328,4,7,0.36,3,5,0.38,17,0,0.4054054054054054,1,0,0,1.0,1,0,0,0,0,0,0,0,0,0,1,0
Florida Atlantic,Conference USA,Lane Kiffin,1000000,1150000,40000,2850000,0.75,0.6,30000,30800,12532745,11,3,0.79,8,0,1.0,0,0,0.0347826086956521,0,0,1,0.0,0,0,0,0,0,1,0,0,0,0,0,0
Florida International,Conference USA,Butch Davis,945000,550000,35000,3185626,0.75,0.59,23500,21900,16435347,8,5,0.62,5,3,0.63,0,0,0.0636363636363636,0,0,1,0.0,0,0,0,0,0,1,0,0,0,0,0,0
Florida State,ACC,Willie Taggart,5000000,1475000,225000,21958333,0.58,0.43,82300,41900,94597591,7,6,0.54,3,5,0.38,3,0,0.1525423728813559,1,0,1,0.0,1,1,0,0,0,0,0,0,0,0,0,0
Fresno State,Mountain West,Jeff Tedford,1550000,2765000,1240000,5440000,0.69,0.58,41031,25000,18658904,10,4,0.71,5,1,0.83,25,0,0.4484629294755877,1,0,1,1.0,0,0,0,0,0,0,0,0,1,0,0,0
Georgia,SEC,Kirby Smart,6603600,1150000,1350000,27917500,0.59,0.39,92746,38200,138088467,13,2,0.87,7,1,0.88,2,2,1.173913043478261,1,1,1,1.0,1,0,0,0,0,0,0,0,0,0,1,0
Georgia Southern,Sun Belt,Chad Lunsford,650000,295000,25000,83333,0.64,0.55,24300,27091,10198918,2,10,0.17,2,6,0.25,0,0,0.0847457627118644,0,0,0,0.0,0,0,0,0,0,0,0,0,0,0,0,1
Georgia State,Sun Belt,Shawn Elliott,569000,220000,60000,1500000,0.81,0.7,23000,52800,10198918,7,5,0.58,5,3,0.63,0,0,0.2727272727272727,0,0,1,1.0,0,0,0,0,0,0,0,0,0,0,0,1
Georgia Tech,ACC,Paul Johnson,3060018,1330000,225000,4000000,0.85,0.7,55000,32700,59422543,5,6,0.46,4,4,0.5,0,0,0.169172932330827,0,0,0,0.0,1,1,0,0,0,0,0,0,0,0,0,0
Hawaii,Mountain West,Nick Rolovich,425004,1260000,0,300000,0.73,0.47,50000,17700,16823588,3,9,0.25,0,1,0.0,0,0,0.0,0,0,0,0.0,0,0,0,0,0,0,0,0,1,0,0,0
Houston,American,Major Applewhite,1750000,782500,20000,2112500,0.68,0.58,40000,42700,22613559,7,5,0.58,5,3,0.63,0,0,0.0255591054313099,0,0,1,0.0,0,0,1,0,0,0,0,0,0,0,0,0
Illinois,Big Ten,Lovie Smith,5000000,1000000,50000,12636991,0.91,0.79,60670,51200,52784303,2,10,0.17,0,9,0.0,0,0,0.05,0,0,0,0.0,1,0,0,0,1,0,0,0,0,0,0,0
Indiana,Big Ten,Tom Allen,1830000,1441668,0,2000000,0.85,0.62,52959,43700,61193975,5,7,0.42,2,7,0.22,0,0,0.0,0,0,0,0.0,1,0,0,0,1,0,0,0,0,0,0,0
Iowa,Big Ten,Kirk Ferentz,4700000,2875000,600000,22396250,0.87,0.65,70585,33000,100040046,8,5,0.62,4,5,0.44,25,0,0.208695652173913,1,0,1,0.0,1,0,0,0,1,0,0,0,0,0,0,0
Iowa State,Big 12,Matt Campbell,3500000,750000,650000,19291667,0.88,0.7,61000,33400,47732812,8,5,0.62,5,4,0.56,14,0,0.8666666666666667,1,0,1,1.0,1,0,0,1,0,0,0,0,0,0,0,0
Kansas,Big 12,David Beaty,1701109,2000000,0,3000000,0.83,0.57,50071,27700,64704137,1,11,0.08,0,9,0.0,0,0,0.0,0,0,0,0.0,1,0,0,1,0,0,0,0,0,0,0,0
Kansas State,Big 12,Bill Snyder,3500000,580000,50000,3000000,0.93,0.72,50000,21700,68787446,8,5,0.62,5,4,0.56,18,0,0.0862068965517241,1,0,1,0.0,1,0,0,1,0,0,0,0,0,0,0,0
Kent State,Mid-American,Sean Lewis,440000,406000,42500,1150000,0.81,0.59,25319,39300,10308661,2,10,0.17,1,7,0.13,0,0,0.104679802955665,0,0,0,0.0,0,0,0,0,0,0,0,1,0,0,0,0
Kentucky,SEC,Mark Stoops,4000000,3100000,300000,15625000,0.86,0.56,61000,29200,66574141,7,6,0.54,4,4,0.5,0,0,0.0967741935483871,0,0,1,0.0,1,0,0,0,0,0,0,0,0,0,1,0
Louisiana Tech,Conference USA,Skip Holtz,700000,395000,0,2508333,0.63,0.48,30600,12400,10385387,7,6,0.54,4,4,0.5,0,0,0.0,0,0,1,0.0,0,0,0,0,0,1,0,0,0,0,0,0
Louisiana-Lafayette,Sun Belt,Billy Napier,850000,435000,25000,2671875,0.74,0.55,31000,20550,11804496,5,7,0.42,4,4,0.5,0,0,0.057471264367816,0,0,0,0.0,0,0,0,0,0,0,0,0,0,0,0,1
Louisiana-Monroe,Sun Belt,Matt Viator,390000,50000,0,175000,0.83,0.65,30427,20550,6682465,4,8,0.33,4,4,0.5,0,0,0.0,0,0,0,0.0,0,0,0,0,0,0,0,0,0,0,0,1
Louisville,ACC,Bobby Petrino,3980434,1472917,869917,14056250,0.93,0.82,55000,22600,58011677,8,5,0.62,4,4,0.5,14,0,0.5906082963262695,1,0,1,1.0,1,1,0,0,0,0,0,0,0,0,0,0
LSU,SEC,Ed Orgeron,3500000,1575000,100000,5291667,0.61,0.28,100500,30800,122703938,9,4,0.69,6,2,0.75,12,18,0.0634920634920634,1,1,1,0.0,1,0,0,0,0,0,0,0,0,0,1,0
Marshall,Conference USA,Doc Holliday,762570,145000,55000,1951708,0.81,0.66,38019,13200,13067058,8,5,0.62,4,4,0.5,0,0,0.3793103448275862,0,0,1,1.0,0,0,0,0,0,1,0,0,0,0,0,0
Maryland,Big Ten,DJ Durkin,2512000,625000,0,5096178,0.83,0.73,54000,41200,49907652,4,8,0.33,2,7,0.22,0,0,0.0,0,0,0,0.0,1,0,0,0,1,0,0,0,0,0,0,0
Massachusetts,FBS Independents,Mark Whipple,500000,305000,20000,300000,0.7,0.61,68756,12300,32704695,4,8,0.33,4,8,0.33,0,0,0.0655737704918032,0,0,0,0.0,0,0,0,0,0,0,1,0,0,0,0,0
Memphis,American,Mike Norvell,2600000,775000,185000,7431667,0.9,0.62,62380,21500,19849064,10,3,0.77,7,1,0.88,16,25,0.2387096774193548,1,1,1,1.0,0,0,1,0,0,0,0,0,0,0,0,0
Miami (Fla.),ACC,Mark Richt,4058061,1340000,225000,14528125,0.78,0.47,65236,24700,47820654,10,3,0.77,7,1,0.88,2,13,0.167910447761194,1,1,1,0.0,1,1,0,0,0,0,0,0,0,0,0,0
Miami (Ohio),Mid-American,Chuck Martin,524826,582110,12669,522300,0.92,0.77,24286,22900,12608689,5,7,0.42,4,4,0.5,0,0,0.0217639277799728,0,0,0,0.0,0,0,0,0,0,0,0,1,0,0,0,0
Michigan,Big Ten,Jim Harbaugh,7504000,1325000,150000,17111110,0.96,0.79,107601,46000,133665548,8,5,0.62,5,4,0.56,7,0,0.1132075471698113,1,0,1,0.0,1,0,0,0,1,0,0,0,0,0,0,0
Michigan State,Big Ten,Mark Dantonio,4390417,650000,125000,7000000,0.84,0.68,75005,50300,75674898,10,3,0.77,7,2,0.78,13,15,0.1923076923076923,1,1,1,0.0,1,0,0,0,1,0,0,0,0,0,0,0
Middle Tennessee,Conference USA,Rick Stockstill,801504,126142,65142,6633774,0.95,0.64,31000,21900,13572649,7,6,0.54,4,4,0.5,0,0,0.5164180051053574,0,0,1,1.0,0,0,0,0,0,1,0,0,0,0,0,0
Minnesota,Big Ten,P.J. Fleck,3550000,900000,0,9291667,0.96,0.78,50805,47800,73576081,5,7,0.42,2,7,0.22,0,0,0.0,0,0,0,0.0,1,0,0,0,1,0,0,0,0,0,0,0
Mississippi,SEC,Matt Luke,3000000,1550000,375000,0,0.73,0.55,58580,30400,78736032,6,6,0.5,3,5,0.38,0,0,0.2419354838709677,0,0,0,1.0,1,0,0,0,0,0,0,0,0,0,1,0
Mississippi State,SEC,Joe Moorhead,2600000,1350000,375000,0,0.74,0.62,64038,22200,50754094,9,4,0.69,4,4,0.5,16,19,0.2777777777777778,1,1,1,1.0,1,0,0,0,0,0,0,0,0,0,1,0
Missouri,SEC,Barry Odom,2350000,1025000,375000,1912500,0.77,0.55,71004,30000,42568466,7,6,0.54,4,4,0.5,0,0,0.3658536585365853,0,0,1,1.0,1,0,0,0,0,0,0,0,0,0,1,0
Navy,American,Ken Niumatalolo,2163000,775000,45000,2112500,0.89,0.89,34000,4600,22231011,7,6,0.54,4,4,0.5,25,0,0.0580645161290322,1,0,1,0.0,0,0,1,0,0,0,0,0,0,0,0,0
Nebraska,Big Ten,Scott Frost,5000000,950000,125000,25416667,0.9,0.65,92000,25800,93990274,4,8,0.33,3,6,0.33,0,0,0.131578947368421,0,0,0,0.0,1,0,0,0,1,0,0,0,0,0,0,0
Nevada,Mountain West,Jay Norvell,500000,210000,0,900000,0.84,0.62,29993,21600,14023542,3,9,0.25,0,1,0.0,0,0,0.0,0,0,0,0.0,0,0,0,0,0,0,0,0,1,0,0,0
Nevada-Las Vegas,Mountain West,Tony Sanchez,600000,260000,0,950000,0.74,0.61,36800,25500,14741875,5,7,0.42,4,4,0.5,0,0,0.0,0,0,0,0.0,0,0,0,0,0,0,0,0,1,0,0,0
New Mexico,Mountain West,Bob Davie,822690,340000,0,1303294,0.65,0.42,39224,26300,16789019,3,9,0.25,0,1,0.0,0,0,0.0,0,0,0,0.0,0,0,0,0,0,0,0,0,1,0,0,0
New Mexico State,FBS Independents,Doug Martin,419640,220000,20000,1532790,0.83,0.63,30343,21900,7969929,7,6,0.54,4,4,0.5,0,0,0.0909090909090909,0,0,1,0.0,0,0,0,0,0,0,1,0,0,0,0,0
North Carolina,ACC,Larry Fedora,2575000,900000,50000,12215625,0.66,0.55,62980,29800,50024180,3,9,0.25,1,7,0.13,0,0,0.0555555555555555,0,0,0,0.0,1,1,0,0,0,0,0,0,0,0,0,0
North Carolina State,ACC,Dave Doeren,3000000,1350000,275000,6125000,0.74,0.55,57583,24700,51911816,9,4,0.69,6,2,0.75,14,23,0.2037037037037037,1,1,1,0.0,1,1,0,0,0,0,0,0,0,0,0,0
North Texas,Conference USA,Seth Littrell,1425000,580000,130000,4425000,0.83,0.62,30850,39400,15870821,9,5,0.64,7,1,0.88,0,0,0.2241379310344827,0,0,1,0.0,0,0,0,0,0,1,0,0,0,0,0,0
Northern Illinois,Mid-American,Rod Carey,633460,205000,42500,1822918,0.82,0.63,24000,20000,10300855,8,5,0.62,6,2,0.75,0,0,0.2073170731707317,0,0,1,0.0,0,0,0,0,0,0,0,1,0,0,0,0
Northwestern,Big Ten,Pat Fitzgerald,3619775,980000,125000,12636991,0.97,0.94,47130,21200,58545202,10,3,0.77,7,2,0.78,17,17,0.1275510204081632,1,1,1,0.0,1,0,0,0,1,0,0,0,0,0,0,0
Notre Dame,FBS Independents,Brian Kelly,2129638,262500,20000,916395,0.91,0.8,77622,12300,118740294,10,3,0.77,10,3,0.77,3,11,0.0761904761904762,1,1,1,0.0,1,0,0,0,0,0,1,0,0,0,0,0
Ohio,Mid-American,Frank Solich,580331,333833,60772,558275,0.91,0.77,24000,34900,14749167,9,4,0.69,5,3,0.63,0,0,0.1820431173670667,0,0,1,0.0,0,0,0,0,0,0,0,1,0,0,0,0
Ohio State,Big Ten,Urban Meyer,7600000,775000,350000,38058402,0.81,0.53,104944,68100,136574384,12,2,0.86,8,1,0.89,2,5,0.4516129032258064,1,1,1,1.0,1,0,0,0,1,0,0,0,0,0,0,0
Oklahoma,Big 12,Lincoln Riley,4800000,700000,180000,20833333,0.73,0.51,84000,28500,126416865,12,2,0.86,8,1,0.89,2,3,0.2571428571428571,1,1,1,1.0,1,0,0,1,0,0,0,0,0,0,0,0
Oklahoma State,Big 12,Mike Gundy,5000000,900000,62500,16250000,0.74,0.57,60218,25300,63909363,10,3,0.77,6,3,0.67,6,14,0.0694444444444444,1,1,1,0.0,1,0,0,1,0,0,0,0,0,0,0,0
Old Dominion,Conference USA,Bobby Wilder,654667,504895,0,1200000,0.7,0.51,20118,25000,13572649,5,7,0.42,3,5,0.38,0,0,0.0,0,0,0,0.0,0,0,0,0,0,1,0,0,0,0,0,0
Oregon,Pac-12,Mario Cristobal,2500000,1825000,279167,5208333,0.73,0.6,54000,22700,81953780,7,6,0.54,4,5,0.44,24,0,0.1529682191780822,1,0,1,0.0,1,0,0,0,0,0,0,0,0,1,0,0
Oregon State,Pac-12,Jonathan Smith,1900008,1275000,279167,4037517,0.82,0.69,45674,30900,48212470,1,11,0.08,0,9,0.0,0,0,0.2189545098039215,0,0,0,0.0,1,0,0,0,0,0,0,0,0,1,0,0
Penn State,Big Ten,James Franklin,4800000,1000000,300000,18375000,0.87,0.71,106572,46600,103736242,11,2,0.85,7,2,0.78,2,8,0.3,1,1,1,1.0,1,0,0,0,1,0,0,0,0,0,0,0
Pittsburgh,ACC,Pat Narduzzi,3017718,1340000,225000,14528125,0.93,0.64,65500,28600,48091636,5,7,0.42,3,5,0.38,0,0,0.167910447761194,0,0,0,0.0,1,1,0,0,0,0,0,0,0,0,0,0
Purdue,Big Ten,Jeff Brohm,3800000,1290000,180000,21516667,0.82,0.65,62500,43400,55132293,7,6,0.54,4,5,0.44,0,0,0.1395348837209302,0,0,1,0.0,1,0,0,0,1,0,0,0,0,0,0,0
Rice,Conference USA,Mike Bloomgren,800000,504895,26250,2850000,0.91,0.88,47000,7100,15429983,1,11,0.08,1,7,0.13,0,0,0.0519910080313728,0,0,0,0.0,0,0,0,0,0,1,0,0,0,0,0,0
Rutgers,Big Ten,Chris Ash,2200000,960000,50000,10350000,0.71,0.55,52454,50200,35376322,4,8,0.33,3,6,0.33,0,0,0.0520833333333333,0,0,0,0.0,1,0,0,0,1,0,0,0,0,0,0,0
San Diego State,Mountain West,Rocky Long,872576,720000,95000,447412,0.84,0.69,70561,34900,19148065,10,3,0.77,6,2,0.75,19,0,0.1319444444444444,1,0,1,0.0,0,0,0,0,0,0,0,0,1,0,0,0
San Jose State,Mountain West,Brent Brennan,590424,210000,0,1476060,0.67,0.61,30456,32800,10923665,2,11,0.15,1,7,0.13,0,0,0.0,0,0,0,0.0,0,0,0,0,0,0,0,0,1,0,0,0
South Alabama,Sun Belt,Steve Campbell,600000,295000,25000,918333,0.79,0.57,40646,15100,10198918,4,8,0.33,3,5,0.38,0,0,0.0847457627118644,0,0,0,0.0,0,0,0,0,0,0,0,0,0,0,0,1
South Carolina,SEC,Will Muschamp,4200000,1400000,100000,18650000,0.89,0.64,80250,50100,101297652,9,4,0.69,5,3,0.63,0,0,0.0714285714285714,0,0,1,0.0,1,0,0,0,0,0,0,0,0,0,1,0
South Florida,American,Charlie Strong,1000000,815000,70000,192308,0.79,0.61,65857,50700,24026107,10,2,0.83,6,2,0.75,16,21,0.0858895705521472,1,1,1,0.0,0,0,1,0,0,0,0,0,0,0,0,0
USC,Pac-12,Clay Helton,2625965,1180000,279167,8583333,0.81,0.6,93607,45700,74174551,11,3,0.79,9,1,0.9,4,12,0.2365822033898305,1,1,1,1.0,1,0,0,0,0,0,0,0,0,1,0,0
Southern Methodist,American,Sonny Dykes,1664500,775000,45000,2112500,0.82,0.67,32000,31036,21848464,7,6,0.54,4,4,0.5,0,0,0.0580645161290322,0,0,1,0.0,0,0,1,0,0,0,0,0,0,0,0,0
Southern Mississippi,Conference USA,Jay Hopson,500000,870000,15000,1583333,0.73,0.56,36000,21900,9776959,8,5,0.62,6,2,0.75,0,0,0.0172413793103448,0,0,1,0.0,0,0,0,0,0,1,0,0,0,0,0,0
Stanford,Pac-12,David Shaw,4311543,1180000,279167,8583333,0.93,0.88,50000,16500,68340862,9,5,0.64,7,3,0.7,14,20,0.2365822033898305,1,1,1,1.0,1,0,0,0,0,0,0,0,0,1,0,0
Syracuse,ACC,Dino Babers,2401206,1340000,225000,14528125,0.88,0.76,49250,22900,44613716,4,8,0.33,2,6,0.25,0,0,0.167910447761194,0,0,0,0.0,1,1,0,0,0,0,0,0,0,0,0,0
Tennessee,SEC,Jeremy Pruitt,3846000,1200000,375000,11780000,0.84,0.52,102521,28900,113766836,4,8,0.33,0,8,0.0,23,0,0.3125,1,0,0,1.0,1,0,0,0,0,0,0,0,0,0,1,0
Texas,Big 12,Tom Herman,5500000,725000,75000,15416667,0.79,0.62,100119,51800,163928296,7,6,0.54,5,4,0.56,23,0,0.1034482758620689,1,0,1,0.0,1,0,0,1,0,0,0,0,0,0,0,0
Texas A&M,SEC,Jimbo Fisher,7500000,1350000,375000,68125000,0.74,0.54,102733,69400,101114415,7,6,0.54,4,4,0.5,0,0,0.2777777777777778,0,0,1,1.0,1,0,0,0,0,0,0,0,0,0,1,0
Texas Christian,Big 12,Gary Patterson,4840717,825000,68750,11283333,0.7,0.57,45000,28500,66084236,11,3,0.79,7,2,0.78,4,9,0.0833333333333333,1,1,1,0.0,1,0,0,1,0,0,0,0,0,0,0,0
Texas State,Sun Belt,Everett Withers,700000,70833,0,773958,0.7,0.54,30000,38800,10198918,2,10,0.17,1,7,0.13,0,0,0.0,0,0,0,0.0,0,0,0,0,0,0,0,0,0,0,0,1
Texas Tech,Big 12,Kliff Kingsbury,3703975,1500000,25000,4231250,0.76,0.52,60862,40322,61914432,6,7,0.46,3,6,0.33,24,0,0.0166666666666666,1,0,0,0.0,1,0,0,1,0,0,0,0,0,0,0,0
Texas-El Paso,Conference USA,Dana Dimel,700000,741665,26250,2991667,0.85,0.63,51500,21900,12808393,0,12,0.0,0,8,0.0,0,0,0.0353933379625572,0,0,0,0.0,0,0,0,0,0,1,0,0,0,0,0,0
Texas-San Antonio,Conference USA,Frank Wilson,1100000,185000,17500,3562500,0.83,0.62,65000,21900,13572649,6,5,0.55,3,5,0.38,0,0,0.0945945945945946,0,0,1,0.0,0,0,0,0,0,1,0,0,0,0,0,0
Toledo,Mid-American,Jason Candle,1125000,585000,210000,3558333,0.87,0.67,26248,23100,13339849,11,3,0.79,7,1,0.88,0,0,0.358974358974359,0,0,1,1.0,0,0,0,0,0,0,0,1,0,0,0,0
Troy,Sun Belt,Neal Brown,810000,490000,100000,2911667,0.8,0.65,30000,18100,13247801,11,2,0.85,7,1,0.88,0,0,0.2040816326530612,0,0,1,0.0,0,0,0,0,0,0,0,0,0,0,0,1
Tulane,American,Willie Fritz,1629000,775000,45000,2112500,0.87,0.76,30000,14100,22231011,5,7,0.42,3,5,0.38,0,0,0.0580645161290322,0,0,0,0.0,0,0,1,0,0,0,0,0,0,0,0,0
Tulsa,American,Philip Montgomery,1518177,775000,45000,2112500,0.69,0.64,35542,32972,22231011,2,10,0.17,1,7,0.13,0,0,0.0580645161290322,0,0,0,0.0,0,0,1,0,0,0,0,0,0,0,0,0
UCLA,Pac-12,Chip Kelly,3300000,1085000,279167,9000000,0.71,0.54,89702,45400,64845985,6,7,0.46,4,5,0.44,25,0,0.2572967741935484,1,0,0,1.0,1,0,0,0,0,0,0,0,0,1,0,0
Utah,Pac-12,Kyle Whittingham,3787917,935000,279167,9250000,0.9,0.69,45017,33000,61344782,7,6,0.54,3,6,0.33,20,0,0.2985743315508021,1,0,1,1.0,1,0,0,0,0,0,0,0,0,1,0,0
Utah State,Mountain West,Matt Wells,900000,765000,65000,2122917,0.89,0.68,25513,29400,13904944,6,7,0.46,4,4,0.5,0,0,0.0849673202614379,0,0,0,0.0,0,0,0,0,0,0,0,0,1,0,0,0
Vanderbilt,SEC,Derek Mason,2812523,1350000,375000,12500000,0.95,0.77,40550,13100,36915107,5,7,0.42,1,7,0.13,0,0,0.2777777777777778,0,0,0,1.0,1,0,0,0,0,0,0,0,0,0,1,0
Virginia,ACC,Bronco Mendenhall,3550000,2165000,75000,18193750,0.86,0.71,61500,24400,31675701,6,7,0.46,3,5,0.38,0,0,0.0346420323325635,0,0,0,0.0,1,1,0,0,0,0,0,0,0,0,0,0
Virginia Tech,ACC,Justin Fuente,4000000,435000,75000,15000000,0.8,0.68,66233,33400,65851157,9,4,0.69,5,3,0.63,12,24,0.1724137931034483,1,1,1,0.0,1,1,0,0,0,0,0,0,0,0,0,0
Wake Forest,ACC,Dave Clawson,1831580,1340000,225000,14528125,0.89,0.75,31500,8100,32604709,8,5,0.62,4,4,0.5,0,0,0.167910447761194,0,0,1,0.0,1,1,0,0,0,0,0,0,0,0,0,0
Washington,Pac-12,Chris Petersen,4375000,1050000,300000,26354166,0.85,0.56,70138,47900,102248826,10,3,0.77,7,2,0.78,5,16,0.2857142857142857,1,1,1,1.0,1,0,0,0,0,0,0,0,0,1,0,0
Washington State,Pac-12,Mike Leach,3500000,725000,75000,4900000,0.85,0.56,35117,30600,51125157,9,4,0.69,6,3,0.67,8,0,0.1034482758620689,1,0,1,0.0,1,0,0,0,0,0,0,0,0,1,0,0
West Virginia,Big 12,Dana Holgorsen,3605000,1000000,90000,7150000,0.74,0.6,60000,30000,34050353,7,6,0.54,5,4,0.56,22,0,0.09,1,0,1,0.0,1,0,0,1,0,0,0,0,0,0,0,0
Western Kentucky,Conference USA,Mike Sanford Jr.,800000,400000,0,1200000,0.74,0.57,22113,20300,13764592,6,7,0.46,4,4,0.5,0,0,0.0,0,0,0,0.0,0,0,0,0,0,1,0,0,0,0,0,0
Western Michigan,Mid-American,Tim Lester,800000,346500,39250,800000,0.74,0.4,30200,22900,12863908,6,6,0.5,4,4,0.5,0,0,0.1132756132756132,0,0,0,0.0,0,0,0,0,0,0,0,1,0,0,0,0
Wisconsin,Big Ten,Paul Chryst,3750000,980000,290000,6000000,0.9,0.81,80321,44400,88713614,13,1,0.93,9,0,1.0,3,7,0.2959183673469387,1,1,1,1.0,1,0,0,0,1,0,0,0,0,0,0,0
Wyoming,Mountain West,Craig Bohl,1412000,450000,236000,8016667,0.87,0.52,29181,12400,20381998,8,5,0.62,0,1,0.0,0,0,0.5244444444444445,0,0,1,1.0,0,0,0,0,0,0,0,0,1,0,0,0
